{"cameraMode":{"drawMode":0,"name":"Shaded","section":"Shading Mode"},"sceneLighting":false,"audioPlay":false,"sceneViewState":{"m_AlwaysRefresh":false,"showFog":true,"showSkybox":false,"showFlares":true,"showImageEffects":true,"showParticleSystems":true,"showVisualEffectGraphs":true,"m_FxEnabled":true},"in2DMode":false,"pivot":{"x":0.1769285500049591,"y":0.28007861971855166,"z":0.41711583733558657},"rotation":{"x":0.026710163801908494,"y":-0.9261191487312317,"z":0.06679611653089524,"w":0.3703310489654541},"size":0.19338499009609223,"orthographic":false}