{"cameraMode":{"drawMode":0,"name":"Shaded","section":"Shading Mode"},"sceneLighting":true,"audioPlay":false,"sceneViewState":{"m_AlwaysRefresh":false,"showFog":true,"showSkybox":true,"showFlares":true,"showImageEffects":true,"showParticleSystems":true,"showVisualEffectGraphs":true,"m_FxEnabled":true},"in2DMode":false,"pivot":{"x":-0.7284619212150574,"y":0.7477996945381165,"z":1.106087327003479},"rotation":{"x":0.05297689884901047,"y":-0.7186515927314758,"z":0.05508437007665634,"w":0.6911572217941284},"size":2.079761028289795,"orthographic":false}