{"cameraMode":{"drawMode":0,"name":"Shaded","section":"Shading Mode"},"sceneLighting":false,"audioPlay":false,"sceneViewState":{"m_AlwaysRefresh":false,"showFog":true,"showSkybox":false,"showFlares":true,"showImageEffects":true,"showParticleSystems":true,"showVisualEffectGraphs":true,"m_FxEnabled":true},"in2DMode":false,"pivot":{"x":0.0006527801742777228,"y":0.061209116131067279,"z":0.017486361786723138},"rotation":{"x":0.05432309955358505,"y":-0.3007573187351227,"z":0.017162157222628595,"w":0.9519986510276794},"size":0.16825522482395173,"orthographic":false}