{"cameraMode":{"drawMode":0,"name":"Shaded","section":"Shading Mode"},"sceneLighting":false,"audioPlay":false,"sceneViewState":{"m_AlwaysRefresh":false,"showFog":true,"showSkybox":false,"showFlares":true,"showImageEffects":true,"showParticleSystems":true,"showVisualEffectGraphs":true,"m_FxEnabled":true},"in2DMode":false,"pivot":{"x":-0.05509328097105026,"y":0.05770569294691086,"z":0.03190860524773598},"rotation":{"x":-0.10380546748638153,"y":0.8845129609107971,"z":-0.23624709248542787,"w":-0.3886510133743286},"size":0.1581685096025467,"orthographic":false}