{"cameraMode":{"drawMode":0,"name":"Shaded","section":"Shading Mode"},"sceneLighting":false,"audioPlay":false,"sceneViewState":{"m_AlwaysRefresh":false,"showFog":true,"showSkybox":false,"showFlares":true,"showImageEffects":true,"showParticleSystems":true,"showVisualEffectGraphs":true,"m_FxEnabled":true},"in2DMode":false,"pivot":{"x":1.798183560371399,"y":0.4811912178993225,"z":-4.621345043182373},"rotation":{"x":-0.005792173091322184,"y":-0.9821282029151917,"z":0.1857244372367859,"w":-0.030657116323709489},"size":1.2232463359832764,"orthographic":false}