{"cameraMode":{"drawMode":0,"name":"Shaded","section":"Shading Mode"},"sceneLighting":false,"audioPlay":false,"sceneViewState":{"m_AlwaysRefresh":false,"showFog":true,"showSkybox":false,"showFlares":true,"showImageEffects":true,"showParticleSystems":true,"showVisualEffectGraphs":true,"m_FxEnabled":true},"in2DMode":false,"pivot":{"x":2.414384126663208,"y":0.5103521943092346,"z":-3.0677337646484377},"rotation":{"x":-0.0020223096944391729,"y":0.9915646910667419,"z":-0.12983624637126923,"w":-0.015783611685037614},"size":0.2700013220310211,"orthographic":false}