{"cameraMode":{"drawMode":0,"name":"Shaded","section":"Shading Mode"},"sceneLighting":true,"audioPlay":false,"sceneViewState":{"m_AlwaysRefresh":false,"showFog":true,"showSkybox":false,"showFlares":true,"showImageEffects":true,"showParticleSystems":true,"showVisualEffectGraphs":true,"m_FxEnabled":true},"in2DMode":false,"pivot":{"x":2.6505322456359865,"y":-0.12126660346984863,"z":-3.6601271629333498},"rotation":{"x":0.006227327045053244,"y":0.9792457818984985,"z":-0.2016391009092331,"w":0.02725892700254917},"size":0.7843475937843323,"orthographic":false}