{"cameraMode":{"drawMode":0,"name":"Shaded","section":"Shading Mode"},"sceneLighting":false,"audioPlay":false,"sceneViewState":{"m_AlwaysRefresh":false,"showFog":true,"showSkybox":false,"showFlares":true,"showImageEffects":true,"showParticleSystems":true,"showVisualEffectGraphs":true,"m_FxEnabled":true},"in2DMode":false,"pivot":{"x":-0.10475265979766846,"y":0.25525474548339846,"z":1.0959223508834839},"rotation":{"x":0.19349262118339539,"y":-0.7104582190513611,"z":0.2141766995191574,"w":0.641836404800415},"size":0.6639844179153442,"orthographic":false}