{"cameraMode":{"drawMode":0,"name":"Shaded","section":"Shading Mode"},"sceneLighting":false,"audioPlay":false,"sceneViewState":{"m_AlwaysRefresh":false,"showFog":true,"showSkybox":false,"showFlares":true,"showImageEffects":true,"showParticleSystems":true,"showVisualEffectGraphs":true,"m_FxEnabled":true},"in2DMode":false,"pivot":{"x":3.6977813243865969,"y":0.5108293294906616,"z":-2.944525718688965},"rotation":{"x":0.00031816339469514787,"y":0.9973139762878418,"z":-0.07403764873743057,"w":0.002674312796443701},"size":0.22595421969890595,"orthographic":false}