{"cameraMode":{"drawMode":0,"name":"Shaded","section":"Shading Mode"},"sceneLighting":false,"audioPlay":false,"sceneViewState":{"m_AlwaysRefresh":false,"showFog":true,"showSkybox":false,"showFlares":true,"showImageEffects":true,"showParticleSystems":true,"showVisualEffectGraphs":true,"m_FxEnabled":true},"in2DMode":false,"pivot":{"x":3.669705390930176,"y":0.5027943849563599,"z":-2.942518711090088},"rotation":{"x":-0.0022720294073224069,"y":0.996197521686554,"z":-0.08297999203205109,"w":-0.028717966750264169},"size":0.22595421969890595,"orthographic":false}